{
    "loss": 20.64223289489746,
    "accuracy": 0.5686274766921997
}